Capacity,ParallelTime,Speedup
1,0.433,1.0138568129330254
8,0.428,1.0257009345794392
16,0.438,1.0022831050228311
32,0.454,0.9669603524229075
